コマンド名,説明,CommandRecordId,ListId,コマンドタイプ,パラメータ1,パラメータ2,パラメータ3,パラメータ4,パラメータ5,パラメータ6,パラメータ7
狂暴攻撃,狂暴状態の攻撃,1001001,0,Attack,1.2,No,Physics,,,,
混乱攻撃,混乱状態の攻撃,1001002,0,Attack,0.8,No,Physics,,,,
追討攻撃,追討状態の攻撃,1001003,0,Attack,1,No,Physics,,,,
仕返攻撃,仕返状態の攻撃,1001004,0,Attack,1,No,Physics,,,,
素手パンチ,対象に打撃属性の弱い物理攻撃を行う,1002001,0,Attack,0.8,Brow,Physics,,,,
攻撃(斬撃),対象に斬撃属性の物理攻撃を行う,1002002,0,Attack,1,Slash,Physics,,,,
攻撃(打撃),対象に打撃属性の物理攻撃を行う,1002003,0,Attack,1,Brow,Physics,,,,
攻撃(刺突),対象に刺突属性の物理攻撃を行う,1002004,0,Attack,1,Poke,Physics,,,,
攻撃(無),対象に無属性の物理攻撃を行う,1002005,0,Attack,1,No,Physics,,,,
攻撃(炎),対象に炎属性の物理攻撃を行う,1002006,0,Attack,1,Fire,Physics,,,,
攻撃(水),対象に水属性の物理攻撃を行う,1002007,0,Attack,1,Water,Physics,,,,
攻撃(雷),対象に雷属性の物理攻撃を行う,1002008,0,Attack,1,Thunder,Physics,,,,
強攻撃(斬撃),対象に斬撃属性の強い物理攻撃を行う,1002009,0,Attack,1.5,Slash,Physics,,,,
強攻撃(打撃),対象に打撃属性の強い物理攻撃を行う,1002010,0,Attack,1.5,Brow,Physics,,,,
強攻撃(刺突),対象に刺突属性の強い物理攻撃を行う,1002011,0,Attack,1.5,Poke,Physics,,,,
強攻撃(無),対象に無属性の強い物理攻撃を行う,1002012,0,Attack,1.5,No,Physics,,,,
強攻撃(炎),対象に炎属性の強い物理攻撃を行う,1002013,0,Attack,1.5,Fire,Physics,,,,
強攻撃(水),対象に水属性の強い物理攻撃を行う,1002014,0,Attack,1.5,Water,Physics,,,,
強攻撃(雷),対象に雷属性の強い物理攻撃を行う,1002015,0,Attack,1.5,Thunder,Physics,,,,
2連攻撃(斬撃),対象に斬撃属性の強い物理攻撃を2回行う,1002016,0,Attack,0.7,Slash,Physics,,,,
2連攻撃(斬撃),対象に斬撃属性の強い物理攻撃を2回行う,1002016,1,Attack,0.7,Slash,Physics,,,,
2連攻撃(打撃),対象に打撃属性の強い物理攻撃を2回行う,1002017,0,Attack,0.7,Brow,Physics,,,,
2連攻撃(打撃),対象に打撃属性の強い物理攻撃を2回行う,1002017,1,Attack,0.7,Brow,Physics,,,,
2連攻撃(刺突),対象に刺突属性の強い物理攻撃を2回行う,1002018,0,Attack,0.7,Poke,Physics,,,,
2連攻撃(刺突),対象に刺突属性の強い物理攻撃を2回行う,1002018,1,Attack,0.7,Poke,Physics,,,,
2連攻撃(無),対象に無属性の強い物理攻撃を2回行う,1002019,0,Attack,0.7,No,Physics,,,,
2連攻撃(無),対象に無属性の強い物理攻撃を2回行う,1002019,1,Attack,0.7,No,Physics,,,,
2連攻撃(炎),対象に炎属性の強い物理攻撃を2回行う,1002020,0,Attack,0.7,Fire,Physics,,,,
2連攻撃(炎),対象に炎属性の強い物理攻撃を2回行う,1002020,1,Attack,0.7,Fire,Physics,,,,
2連攻撃(水),対象に水属性の強い物理攻撃を2回行う,1002021,0,Attack,0.7,Water,Physics,,,,
2連攻撃(水),対象に水属性の強い物理攻撃を2回行う,1002021,1,Attack,0.7,Water,Physics,,,,
2連攻撃(雷),対象に雷属性の強い物理攻撃を2回行う,1002022,0,Attack,0.7,Thunder,Physics,,,,
2連攻撃(雷),対象に雷属性の強い物理攻撃を2回行う,1002022,1,Attack,0.7,Thunder,Physics,,,,
大振り攻撃(斬撃),対象と隣の敵に斬撃属性の物理攻撃を行う,1002023,0,Attack,0.75,Slash,Physics,,,,
大振り攻撃(炎),対象と隣の敵に炎属性の物理攻撃を行う,1002024,0,Attack,0.75,Fire,Physics,,,,
大振り攻撃(水),対象と隣の敵に水属性の物理攻撃を行う,1002025,0,Attack,0.75,Water,Physics,,,,
大振り攻撃(雷),対象と隣の敵に雷属性の物理攻撃を行う,1002026,0,Attack,0.75,Thunder,Physics,,,,
ランダム攻撃(斬撃),相手の誰かに斬撃属性の物理攻撃を行う,1002027,0,Attack,1.2,Slash,Physics,,,,
ランダム攻撃(打撃),相手の誰かに打撃属性の物理攻撃を行う,1002028,0,Attack,1.2,Brow,Physics,,,,
ランダム攻撃(刺突),相手の誰かに刺突属性の物理攻撃を行う,1002029,0,Attack,1.2,Slash,Physics,,,,
ランダム2回攻撃(斬撃),相手の誰かに斬撃属性の物理攻撃を2回行う,1002030,0,Attack,0.75,Slash,Physics,,,,
ランダム2回攻撃(斬撃),相手の誰かに斬撃属性の物理攻撃を2回行う,1002030,1,Attack,0.75,Slash,Physics,,,,
ランダム2回攻撃(打撃),相手の誰かに打撃属性の物理攻撃を2回行う,1002031,0,Attack,0.75,Brow,Physics,,,,
ランダム2回攻撃(打撃),相手の誰かに打撃属性の物理攻撃を2回行う,1002031,1,Attack,0.75,Brow,Physics,,,,
ランダム2回攻撃(刺突),相手の誰かに刺突属性の物理攻撃を2回行う,1002032,0,Attack,0.75,Poke,Physics,,,,
ランダム2回攻撃(刺突),相手の誰かに刺突属性の物理攻撃を2回行う,1002032,1,Attack,0.75,Poke,Physics,,,,
シールドバッシュ,対象に打撃属性の攻撃と時々麻痺にする,1002033,0,Attack,0.75,Brow,Physics,,,,
シールドバッシュ,対象に打撃属性の攻撃と時々麻痺にする,1002033,0,AddStatusAilment,Paralysis,0.3,1,,,,
自分の攻撃力アップLv.1,自分の攻撃力をちょっと上昇する,1003001,0,AddStatusParameterRate,Strength,0.05,,,,,
自分の攻撃力アップLv.2,自分の攻撃力を少し上昇する,1003002,0,AddStatusParameterRate,Strength,0.1,,,,,
自分の攻撃力アップLv.3,自分の攻撃力を上昇する,1003003,0,AddStatusParameterRate,Strength,0.15,,,,,
自分の攻撃力アップLv.4,自分の攻撃力をかなり上昇する,1003004,0,AddStatusParameterRate,Strength,0.2,,,,,
自分の攻撃力アップLv.5,自分の攻撃力を超上昇する,1003005,0,AddStatusParameterRate,Strength,0.25,,,,,
自分の魔攻アップLv.1,自分の魔法攻撃力をちょっと上昇する,1003006,0,AddStatusParameterRate,StrengthMagic,0.05,,,,,
自分の魔攻アップLv.2,自分の魔法攻撃力を少し上昇する,1003007,0,AddStatusParameterRate,StrengthMagic,0.1,,,,,
自分の魔攻アップLv.3,自分の魔法攻撃力を上昇する,1003008,0,AddStatusParameterRate,StrengthMagic,0.15,,,,,
自分の魔攻アップLv.4,自分の魔法攻撃力をかなり上昇する,1003009,0,AddStatusParameterRate,StrengthMagic,0.2,,,,,
自分の魔攻アップLv.5,自分の魔法攻撃力を超上昇する,1003010,0,AddStatusParameterRate,StrengthMagic,0.25,,,,,
自分の防御力アップLv.1,自分の防御力をちょっと上昇する,1003011,0,AddStatusParameterRate,Defense,0.05,,,,,
自分の防御力アップLv.2,自分の防御力を少し上昇する,1003012,0,AddStatusParameterRate,Defense,0.1,,,,,
自分の防御力アップLv.3,自分の防御力を上昇する,1003013,0,AddStatusParameterRate,Defense,0.15,,,,,
自分の防御力アップLv.4,自分の防御力をかなり上昇する,1003014,0,AddStatusParameterRate,Defense,0.2,,,,,
自分の防御力アップLv.5,自分の防御力を超上昇する,1003015,0,AddStatusParameterRate,Defense,0.25,,,,,
自分の魔防アップLv.1,自分の魔法防御力をちょっと上昇する,1003016,0,AddStatusParameterRate,DefenseMagic,0.05,,,,,
自分の魔防アップLv.2,自分の魔法防御力を少し上昇する,1003017,0,AddStatusParameterRate,DefenseMagic,0.1,,,,,
自分の魔防アップLv.3,自分の魔法防御力を上昇する,1003018,0,AddStatusParameterRate,DefenseMagic,0.15,,,,,
自分の魔防アップLv.4,自分の魔法防御力をかなり上昇する,1003019,0,AddStatusParameterRate,DefenseMagic,0.2,,,,,
自分の魔防アップLv.5,自分の魔法防御力を超上昇する,1003020,0,AddStatusParameterRate,DefenseMagic,0.25,,,,,
自分の素早さアップLv.1,自分の素早さをちょっと上昇する,1003021,0,AddStatusParameterRate,Speed,0.05,,,,,
自分の素早さアップLv.2,自分の素早さを少し上昇する,1003022,0,AddStatusParameterRate,Speed,0.1,,,,,
自分の素早さアップLv.3,自分の素早さを上昇する,1003023,0,AddStatusParameterRate,Speed,0.15,,,,,
自分の素早さアップLv.4,自分の素早さをかなり上昇する,1003024,0,AddStatusParameterRate,Speed,0.2,,,,,
自分の素早さアップLv.5,自分の素早さを超上昇する,1003025,0,AddStatusParameterRate,Speed,0.25,,,,,
自分の会心率アップLv.1,自分のクリティカル率をちょっと上昇する,1003026,0,AddStatusParameterRate,Critical,0.05,,,,,
自分の会心率アップLv.2,自分のクリティカル率を少し上昇する,1003027,0,AddStatusParameterRate,Critical,0.075,,,,,
自分の会心率アップLv.3,自分のクリティカル率を上昇する,1003028,0,AddStatusParameterRate,Critical,0.1,,,,,
自分の会心率アップLv.4,自分のクリティカル率をかなり上昇する,1003029,0,AddStatusParameterRate,Critical,0.125,,,,,
自分の会心率アップLv.5,自分のクリティカル率を超上昇する,1003030,0,AddStatusParameterRate,Critical,0.15,,,,,
自分の回避率アップLv.1,自分の回避率をちょっと上昇する,1003031,0,AddStatusParameterRate,Avoidance,0.05,,,,,
自分の回避率アップLv.2,自分の回避率を少し上昇する,1003032,0,AddStatusParameterRate,Avoidance,0.075,,,,,
自分の回避率アップLv.3,自分の回避率を上昇する,1003033,0,AddStatusParameterRate,Avoidance,0.1,,,,,
自分の回避率アップLv.4,自分の回避率をかなり上昇する,1003034,0,AddStatusParameterRate,Avoidance,0.125,,,,,
自分の回避率アップLv.5,自分の回避率を超上昇する,1003035,0,AddStatusParameterRate,Avoidance,0.15,,,,,
味方の攻撃力アップLv.1,味方の攻撃力をちょっと上昇する,1003036,0,AddStatusParameterRate,Strength,0.05,,,,,
味方の攻撃力アップLv.2,味方の攻撃力を少し上昇する,1003037,0,AddStatusParameterRate,Strength,0.1,,,,,
味方の攻撃力アップLv.3,味方の攻撃力を上昇する,1003038,0,AddStatusParameterRate,Strength,0.15,,,,,
味方の攻撃力アップLv.4,味方の攻撃力をかなり上昇する,1003039,0,AddStatusParameterRate,Strength,0.2,,,,,
味方の攻撃力アップLv.5,味方の攻撃力を超上昇する,1003040,0,AddStatusParameterRate,Strength,0.25,,,,,
味方の魔攻アップLv.1,味方の魔法攻撃力をちょっと上昇する,1003041,0,AddStatusParameterRate,StrengthMagic,0.05,,,,,
味方の魔攻アップLv.2,味方の魔法攻撃力を少し上昇する,1003042,0,AddStatusParameterRate,StrengthMagic,0.1,,,,,
味方の魔攻アップLv.3,味方の魔法攻撃力を上昇する,1003043,0,AddStatusParameterRate,StrengthMagic,0.15,,,,,
味方の魔攻アップLv.4,味方の魔法攻撃力をかなり上昇する,1003044,0,AddStatusParameterRate,StrengthMagic,0.2,,,,,
味方の魔攻アップLv.5,味方の魔法攻撃力を超上昇する,1003045,0,AddStatusParameterRate,StrengthMagic,0.25,,,,,
味方の防御力アップLv.1,味方の防御力をちょっと上昇する,1003046,0,AddStatusParameterRate,Defense,0.05,,,,,
味方の防御力アップLv.2,味方の防御力を少し上昇する,1003047,0,AddStatusParameterRate,Defense,0.1,,,,,
味方の防御力アップLv.3,味方の防御力を上昇する,1003048,0,AddStatusParameterRate,Defense,0.15,,,,,
味方の防御力アップLv.4,味方の防御力をかなり上昇する,1003049,0,AddStatusParameterRate,Defense,0.2,,,,,
味方の防御力アップLv.5,味方の防御力を超上昇する,1003050,0,AddStatusParameterRate,Defense,0.25,,,,,
味方の魔防アップLv.1,味方の魔法防御力をちょっと上昇する,1003051,0,AddStatusParameterRate,DefenseMagic,0.05,,,,,
味方の魔防アップLv.2,味方の魔法防御力を少し上昇する,1003052,0,AddStatusParameterRate,DefenseMagic,0.1,,,,,
味方の魔防アップLv.3,味方の魔法防御力を上昇する,1003053,0,AddStatusParameterRate,DefenseMagic,0.15,,,,,
味方の魔防アップLv.4,味方の魔法防御力をかなり上昇する,1003054,0,AddStatusParameterRate,DefenseMagic,0.2,,,,,
味方の魔防アップLv.5,味方の魔法防御力を超上昇する,1003055,0,AddStatusParameterRate,DefenseMagic,0.25,,,,,
味方の素早さアップLv.1,味方の素早さをちょっと上昇する,1003056,0,AddStatusParameterRate,Speed,0.05,,,,,
味方の素早さアップLv.2,味方の素早さを少し上昇する,1003057,0,AddStatusParameterRate,Speed,0.1,,,,,
味方の素早さアップLv.3,味方の素早さを上昇する,1003058,0,AddStatusParameterRate,Speed,0.15,,,,,
味方の素早さアップLv.4,味方の素早さをかなり上昇する,1003059,0,AddStatusParameterRate,Speed,0.2,,,,,
味方の素早さアップLv.5,味方の素早さを超上昇する,1003060,0,AddStatusParameterRate,Speed,0.25,,,,,
味方の会心率アップLv.1,味方のクリティカル率をちょっと上昇する,1003061,0,AddStatusParameterRate,Critical,0.05,,,,,
味方の会心率アップLv.2,味方のクリティカル率を少し上昇する,1003062,0,AddStatusParameterRate,Critical,0.075,,,,,
味方の会心率アップLv.3,味方のクリティカル率を上昇する,1003063,0,AddStatusParameterRate,Critical,0.1,,,,,
味方の会心率アップLv.4,味方のクリティカル率をかなり上昇する,1003064,0,AddStatusParameterRate,Critical,0.125,,,,,
味方の会心率アップLv.5,味方のクリティカル率を超上昇する,1003065,0,AddStatusParameterRate,Critical,0.15,,,,,
味方の回避率アップLv.1,味方の回避率をちょっと上昇する,1003066,0,AddStatusParameterRate,Avoidance,0.05,,,,,
味方の回避率アップLv.2,味方の回避率を少し上昇する,1003067,0,AddStatusParameterRate,Avoidance,0.075,,,,,
味方の回避率アップLv.3,味方の回避率を上昇する,1003068,0,AddStatusParameterRate,Avoidance,0.1,,,,,
味方の回避率アップLv.4,味方の回避率をかなり上昇する,1003069,0,AddStatusParameterRate,Avoidance,0.125,,,,,
味方の回避率アップLv.5,味方の回避率を超上昇する,1003070,0,AddStatusParameterRate,Avoidance,0.15,,,,,
全員の攻撃力アップLv.1,全員の攻撃力をちょっと上昇する,1003071,0,AddStatusParameterRate,Strength,0.05,,,,,
全員の攻撃力アップLv.2,全員の攻撃力を少し上昇する,1003072,0,AddStatusParameterRate,Strength,0.1,,,,,
全員の攻撃力アップLv.3,全員の攻撃力を上昇する,1003073,0,AddStatusParameterRate,Strength,0.15,,,,,
全員の攻撃力アップLv.4,全員の攻撃力をかなり上昇する,1003074,0,AddStatusParameterRate,Strength,0.2,,,,,
全員の攻撃力アップLv.5,全員の攻撃力を超上昇する,1003075,0,AddStatusParameterRate,Strength,0.25,,,,,
全員の魔攻アップLv.1,全員の魔法攻撃力をちょっと上昇する,1003076,0,AddStatusParameterRate,StrengthMagic,0.05,,,,,
全員の魔攻アップLv.2,全員の魔法攻撃力を少し上昇する,1003077,0,AddStatusParameterRate,StrengthMagic,0.1,,,,,
全員の魔攻アップLv.3,全員の魔法攻撃力を上昇する,1003078,0,AddStatusParameterRate,StrengthMagic,0.15,,,,,
全員の魔攻アップLv.4,全員の魔法攻撃力をかなり上昇する,1003079,0,AddStatusParameterRate,StrengthMagic,0.2,,,,,
全員の魔攻アップLv.5,全員の魔法攻撃力を超上昇する,1003080,0,AddStatusParameterRate,StrengthMagic,0.25,,,,,
全員の防御力アップLv.1,全員の防御力をちょっと上昇する,1003081,0,AddStatusParameterRate,Defense,0.05,,,,,
全員の防御力アップLv.2,全員の防御力を少し上昇する,1003082,0,AddStatusParameterRate,Defense,0.1,,,,,
全員の防御力アップLv.3,全員の防御力を上昇する,1003083,0,AddStatusParameterRate,Defense,0.15,,,,,
全員の防御力アップLv.4,全員の防御力をかなり上昇する,1003084,0,AddStatusParameterRate,Defense,0.2,,,,,
全員の防御力アップLv.5,全員の防御力を超上昇する,1003085,0,AddStatusParameterRate,Defense,0.25,,,,,
全員の魔防アップLv.1,全員の魔法防御力をちょっと上昇する,1003086,0,AddStatusParameterRate,DefenseMagic,0.05,,,,,
全員の魔防アップLv.2,全員の魔法防御力を少し上昇する,1003087,0,AddStatusParameterRate,DefenseMagic,0.1,,,,,
全員の魔防アップLv.3,全員の魔法防御力を上昇する,1003088,0,AddStatusParameterRate,DefenseMagic,0.15,,,,,
全員の魔防アップLv.4,全員の魔法防御力をかなり上昇する,1003089,0,AddStatusParameterRate,DefenseMagic,0.2,,,,,
全員の魔防アップLv.5,全員の魔法防御力を超上昇する,1003090,0,AddStatusParameterRate,DefenseMagic,0.25,,,,,
全員の素早さアップLv.1,全員の素早さをちょっと上昇する,1003091,0,AddStatusParameterRate,Speed,0.05,,,,,
全員の素早さアップLv.2,全員の素早さを少し上昇する,1003092,0,AddStatusParameterRate,Speed,0.1,,,,,
全員の素早さアップLv.3,全員の素早さを上昇する,1003093,0,AddStatusParameterRate,Speed,0.15,,,,,
全員の素早さアップLv.4,全員の素早さをかなり上昇する,1003094,0,AddStatusParameterRate,Speed,0.2,,,,,
全員の素早さアップLv.5,全員の素早さを超上昇する,1003095,0,AddStatusParameterRate,Speed,0.25,,,,,
全員の会心率アップLv.1,全員のクリティカル率をちょっと上昇する,1003096,0,AddStatusParameterRate,Critical,0.05,,,,,
全員の会心率アップLv.2,全員のクリティカル率を少し上昇する,1003097,0,AddStatusParameterRate,Critical,0.075,,,,,
全員の会心率アップLv.3,全員のクリティカル率を上昇する,1003098,0,AddStatusParameterRate,Critical,0.1,,,,,
全員の会心率アップLv.4,全員のクリティカル率をかなり上昇する,1003099,0,AddStatusParameterRate,Critical,0.125,,,,,
全員の会心率アップLv.5,全員のクリティカル率を超上昇する,1003100,0,AddStatusParameterRate,Critical,0.15,,,,,
全員の回避率アップLv.1,全員の回避率をちょっと上昇する,1003101,0,AddStatusParameterRate,Avoidance,0.05,,,,,
全員の回避率アップLv.2,全員の回避率を少し上昇する,1003102,0,AddStatusParameterRate,Avoidance,0.075,,,,,
全員の回避率アップLv.3,全員の回避率を上昇する,1003103,0,AddStatusParameterRate,Avoidance,0.1,,,,,
全員の回避率アップLv.4,全員の回避率をかなり上昇する,1003104,0,AddStatusParameterRate,Avoidance,0.125,,,,,
全員の回避率アップLv.5,全員の回避率を超上昇する,1003105,0,AddStatusParameterRate,Avoidance,0.15,,,,,
相手の攻撃力ダウンLv.1,対象の攻撃力をちょっと減少する,1004001,0,AddStatusParameterRate,Strength,-0.05,,,,,
相手の攻撃力ダウンLv.2,対象の攻撃力を少し減少する,1004002,0,AddStatusParameterRate,Strength,-0.1,,,,,
相手の攻撃力ダウンLv.3,対象の攻撃力を減少する,1004003,0,AddStatusParameterRate,Strength,-0.15,,,,,
相手の攻撃力ダウンLv.4,対象の攻撃力をかなり減少する,1004004,0,AddStatusParameterRate,Strength,-0.2,,,,,
相手の攻撃力ダウンLv.5,対象の攻撃力を超減少する,1004005,0,AddStatusParameterRate,Strength,-0.25,,,,,
相手の魔攻ダウンLv.1,対象の魔法攻撃力をちょっと減少する,1004006,0,AddStatusParameterRate,StrengthMagic,-0.05,,,,,
相手の魔攻ダウンLv.2,対象の魔法攻撃力を少し減少する,1004007,0,AddStatusParameterRate,StrengthMagic,-0.1,,,,,
相手の魔攻ダウンLv.3,対象の魔法攻撃力を減少する,1004008,0,AddStatusParameterRate,StrengthMagic,-0.15,,,,,
相手の魔攻ダウンLv.4,対象の魔法攻撃力をかなり減少する,1004009,0,AddStatusParameterRate,StrengthMagic,-0.2,,,,,
相手の魔攻ダウンLv.5,対象の魔法攻撃力を超減少する,1004010,0,AddStatusParameterRate,StrengthMagic,-0.25,,,,,
相手の防御力ダウンLv.1,対象の防御力をちょっと減少する,1004011,0,AddStatusParameterRate,Defense,-0.05,,,,,
相手の防御力ダウンLv.2,対象の防御力を少し減少する,1004012,0,AddStatusParameterRate,Defense,-0.1,,,,,
相手の防御力ダウンLv.3,対象の防御力を減少する,1004013,0,AddStatusParameterRate,Defense,-0.15,,,,,
相手の防御力ダウンLv.4,対象の防御力をかなり減少する,1004014,0,AddStatusParameterRate,Defense,-0.2,,,,,
相手の防御力ダウンLv.5,対象の防御力を超減少する,1004015,0,AddStatusParameterRate,Defense,-0.25,,,,,
相手の魔防ダウンLv.1,対象の魔法防御力をちょっと減少する,1004016,0,AddStatusParameterRate,DefenseMagic,-0.05,,,,,
相手の魔防ダウンLv.2,対象の魔法防御力を少し減少する,1004017,0,AddStatusParameterRate,DefenseMagic,-0.1,,,,,
相手の魔防ダウンLv.3,対象の魔法防御力を減少する,1004018,0,AddStatusParameterRate,DefenseMagic,-0.15,,,,,
相手の魔防ダウンLv.4,対象の魔法防御力をかなり減少する,1004019,0,AddStatusParameterRate,DefenseMagic,-0.2,,,,,
相手の魔防ダウンLv.5,対象の魔法防御力を超減少する,1004020,0,AddStatusParameterRate,DefenseMagic,-0.25,,,,,
相手の素早さダウンLv.1,対象の素早さをちょっと減少する,1004021,0,AddStatusParameterRate,Speed,-0.05,,,,,
相手の素早さダウンLv.2,対象の素早さを少し減少する,1004022,0,AddStatusParameterRate,Speed,-0.1,,,,,
相手の素早さダウンLv.3,対象の素早さを減少する,1004023,0,AddStatusParameterRate,Speed,-0.15,,,,,
相手の素早さダウンLv.4,対象の素早さをかなり減少する,1004024,0,AddStatusParameterRate,Speed,-0.2,,,,,
相手の素早さダウンLv.5,対象の素早さを超減少する,1004025,0,AddStatusParameterRate,Speed,-0.25,,,,,
相手の会心率ダウンLv.1,対象のクリティカル率をちょっと減少する,1004026,0,AddStatusParameterRate,Critical,-0.05,,,,,
相手の会心率ダウンLv.2,対象のクリティカル率を少し減少する,1004027,0,AddStatusParameterRate,Critical,-0.75,,,,,
相手の会心率ダウンLv.3,対象のクリティカル率を減少する,1004028,0,AddStatusParameterRate,Critical,-0.1,,,,,
相手の会心率ダウンLv.4,対象のクリティカル率をかなり減少する,1004029,0,AddStatusParameterRate,Critical,-0.125,,,,,
相手の会心率ダウンLv.5,対象のクリティカル率を超減少する,1004030,0,AddStatusParameterRate,Critical,-0.15,,,,,
相手の回避率ダウンLv.1,対象の回避率をちょっと減少する,1004031,0,AddStatusParameterRate,Avoidance,-0.05,,,,,
相手の回避率ダウンLv.2,対象の回避率を少し減少する,1004032,0,AddStatusParameterRate,Avoidance,-0.75,,,,,
相手の回避率ダウンLv.3,対象の回避率を減少する,1004033,0,AddStatusParameterRate,Avoidance,-0.1,,,,,
相手の回避率ダウンLv.4,対象の回避率をかなり減少する,1004034,0,AddStatusParameterRate,Avoidance,-0.125,,,,,
相手の回避率ダウンLv.5,対象の回避率を超減少する,1004035,0,AddStatusParameterRate,Avoidance,-0.15,,,,,
全員の攻撃力ダウンLv.1,全員の攻撃力をちょっと減少する,1004036,0,AddStatusParameterRate,Strength,-0.05,,,,,
全員の攻撃力ダウンLv.2,全員の攻撃力を少し減少する,1004037,0,AddStatusParameterRate,Strength,-0.1,,,,,
全員の攻撃力ダウンLv.3,全員の攻撃力を減少する,1004038,0,AddStatusParameterRate,Strength,-0.15,,,,,
全員の攻撃力ダウンLv.4,全員の攻撃力をかなり減少する,1004039,0,AddStatusParameterRate,Strength,-0.2,,,,,
全員の攻撃力ダウンLv.5,全員の攻撃力を超減少する,1004040,0,AddStatusParameterRate,Strength,-0.25,,,,,
全員の魔攻ダウンLv.1,全員の魔法攻撃力をちょっと減少する,1004041,0,AddStatusParameterRate,StrengthMagic,-0.05,,,,,
全員の魔攻ダウンLv.2,全員の魔法攻撃力を少し減少する,1004042,0,AddStatusParameterRate,StrengthMagic,-0.1,,,,,
全員の魔攻ダウンLv.3,全員の魔法攻撃力を減少する,1004043,0,AddStatusParameterRate,StrengthMagic,-0.15,,,,,
全員の魔攻ダウンLv.4,全員の魔法攻撃力をかなり減少する,1004044,0,AddStatusParameterRate,StrengthMagic,-0.2,,,,,
全員の魔攻ダウンLv.5,全員の魔法攻撃力を超減少する,1004045,0,AddStatusParameterRate,StrengthMagic,-0.25,,,,,
全員の防御力ダウンLv.1,全員の防御力をちょっと減少する,1004046,0,AddStatusParameterRate,Defense,-0.05,,,,,
全員の防御力ダウンLv.2,全員の防御力を少し減少する,1004047,0,AddStatusParameterRate,Defense,-0.1,,,,,
全員の防御力ダウンLv.3,全員の防御力を減少する,1004048,0,AddStatusParameterRate,Defense,-0.15,,,,,
全員の防御力ダウンLv.4,全員の防御力をかなり減少する,1004049,0,AddStatusParameterRate,Defense,-0.2,,,,,
全員の防御力ダウンLv.5,全員の防御力を超減少する,1004050,0,AddStatusParameterRate,Defense,-0.25,,,,,
全員の魔防ダウンLv.1,全員の魔法防御力をちょっと減少する,1004051,0,AddStatusParameterRate,DefenseMagic,-0.05,,,,,
全員の魔防ダウンLv.2,全員の魔法防御力を少し減少する,1004052,0,AddStatusParameterRate,DefenseMagic,-0.1,,,,,
全員の魔防ダウンLv.3,全員の魔法防御力を減少する,1004053,0,AddStatusParameterRate,DefenseMagic,-0.15,,,,,
全員の魔防ダウンLv.4,全員の魔法防御力をかなり減少する,1004054,0,AddStatusParameterRate,DefenseMagic,-0.2,,,,,
全員の魔防ダウンLv.5,全員の魔法防御力を超減少する,1004055,0,AddStatusParameterRate,DefenseMagic,-0.25,,,,,
全員の素早さダウンLv.1,全員の素早さをちょっと減少する,1004056,0,AddStatusParameterRate,Speed,-0.05,,,,,
全員の素早さダウンLv.2,全員の素早さを少し減少する,1004057,0,AddStatusParameterRate,Speed,-0.1,,,,,
全員の素早さダウンLv.3,全員の素早さを減少する,1004058,0,AddStatusParameterRate,Speed,-0.15,,,,,
全員の素早さダウンLv.4,全員の素早さをかなり減少する,1004059,0,AddStatusParameterRate,Speed,-0.2,,,,,
全員の素早さダウンLv.5,全員の素早さを超減少する,1004060,0,AddStatusParameterRate,Speed,-0.25,,,,,
全員の会心率ダウンLv.1,全員のクリティカル率をちょっと減少する,1004061,0,AddStatusParameterRate,Critical,-0.05,,,,,
全員の会心率ダウンLv.2,全員のクリティカル率を少し減少する,1004062,0,AddStatusParameterRate,Critical,-0.75,,,,,
全員の会心率ダウンLv.3,全員のクリティカル率を減少する,1004063,0,AddStatusParameterRate,Critical,-0.1,,,,,
全員の会心率ダウンLv.4,全員のクリティカル率をかなり減少する,1004064,0,AddStatusParameterRate,Critical,-0.125,,,,,
全員の会心率ダウンLv.5,全員のクリティカル率を超減少する,1004065,0,AddStatusParameterRate,Critical,-0.15,,,,,
全員の回避率ダウンLv.1,全員の回避率をちょっと減少する,1004066,0,AddStatusParameterRate,Avoidance,-0.05,,,,,
全員の回避率ダウンLv.2,全員の回避率を少し減少する,1004067,0,AddStatusParameterRate,Avoidance,-0.75,,,,,
全員の回避率ダウンLv.3,全員の回避率を減少する,1004068,0,AddStatusParameterRate,Avoidance,-0.1,,,,,
全員の回避率ダウンLv.4,全員の回避率をかなり減少する,1004069,0,AddStatusParameterRate,Avoidance,-0.125,,,,,
全員の回避率ダウンLv.5,全員の回避率を超減少する,1004070,0,AddStatusParameterRate,Avoidance,-0.15,,,,,
自分の打撃耐性アップLv.1,自分の打撃ダメージをちょっと軽減する,1005001,0,AddAttribute,Brow,0.05,,,,,
自分の打撃耐性アップLv.2,自分の打撃ダメージを少し軽減する,1005002,0,AddAttribute,Brow,0.075,,,,,
自分の打撃耐性アップLv.3,自分の打撃ダメージを軽減する,1005003,0,AddAttribute,Brow,0.1,,,,,
自分の打撃耐性アップLv.4,自分の打撃ダメージをかなり軽減する,1005004,0,AddAttribute,Brow,0.125,,,,,
自分の打撃耐性アップLv.5,自分の打撃ダメージを超軽減する,1005005,0,AddAttribute,Brow,0.15,,,,,
自分の斬撃耐性アップLv.1,自分の斬撃ダメージをちょっと軽減する,1005006,0,AddAttribute,Slash,0.05,,,,,
自分の斬撃耐性アップLv.2,自分の斬撃ダメージを少し軽減する,1005007,0,AddAttribute,Slash,0.075,,,,,
自分の斬撃耐性アップLv.3,自分の斬撃ダメージを軽減する,1005008,0,AddAttribute,Slash,0.1,,,,,
自分の斬撃耐性アップLv.4,自分の斬撃ダメージをかなり軽減する,1005009,0,AddAttribute,Slash,0.125,,,,,
自分の斬撃耐性アップLv.5,自分の斬撃ダメージを超軽減する,1005010,0,AddAttribute,Slash,0.15,,,,,
自分の刺突耐性アップLv.1,自分の刺突ダメージをちょっと軽減する,1005011,0,AddAttribute,Poke,0.05,,,,,
自分の刺突耐性アップLv.2,自分の刺突ダメージを少し軽減する,1005012,0,AddAttribute,Poke,0.075,,,,,
自分の刺突耐性アップLv.3,自分の刺突ダメージを軽減する,1005013,0,AddAttribute,Poke,0.1,,,,,
自分の刺突耐性アップLv.4,自分の刺突ダメージをかなり軽減する,1005014,0,AddAttribute,Poke,0.125,,,,,
自分の刺突耐性アップLv.5,自分の刺突ダメージを超軽減する,1005015,0,AddAttribute,Poke,0.15,,,,,
自分の無属性耐性アップLv.1,自分の無属性ダメージをちょっと軽減する,1005016,0,AddAttribute,No,0.05,,,,,
自分の無属性耐性アップLv.2,自分の無属性ダメージを少し軽減する,1005017,0,AddAttribute,No,0.075,,,,,
自分の無属性耐性アップLv.3,自分の無属性ダメージを軽減する,1005018,0,AddAttribute,No,0.1,,,,,
自分の無属性耐性アップLv.4,自分の無属性ダメージをかなり軽減する,1005019,0,AddAttribute,No,0.125,,,,,
自分の無属性耐性アップLv.5,自分の無属性ダメージを超軽減する,1005020,0,AddAttribute,No,0.15,,,,,
自分の炎属性耐性アップLv.1,自分の炎属性ダメージをちょっと軽減する,1005021,0,AddAttribute,Fire,0.05,,,,,
自分の炎属性耐性アップLv.2,自分の炎属性ダメージを少し軽減する,1005022,0,AddAttribute,Fire,0.075,,,,,
自分の炎属性耐性アップLv.3,自分の炎属性ダメージを軽減する,1005023,0,AddAttribute,Fire,0.1,,,,,
自分の炎属性耐性アップLv.4,自分の炎属性ダメージをかなり軽減する,1005024,0,AddAttribute,Fire,0.125,,,,,
自分の炎属性耐性アップLv.5,自分の炎属性ダメージを超軽減する,1005025,0,AddAttribute,Fire,0.15,,,,,
自分の水属性耐性アップLv.1,自分の水属性ダメージをちょっと軽減する,1005026,0,AddAttribute,Water,0.05,,,,,
自分の水属性耐性アップLv.2,自分の水属性ダメージを少し軽減する,1005027,0,AddAttribute,Water,0.075,,,,,
自分の水属性耐性アップLv.3,自分の水属性ダメージを軽減する,1005028,0,AddAttribute,Water,0.1,,,,,
自分の水属性耐性アップLv.4,自分の水属性ダメージをかなり軽減する,1005029,0,AddAttribute,Water,0.125,,,,,
自分の水属性耐性アップLv.5,自分の水属性ダメージを超軽減する,1005030,0,AddAttribute,Water,0.15,,,,,
自分の雷属性耐性アップLv.1,自分の雷属性ダメージをちょっと軽減する,1005031,0,AddAttribute,Thunder,0.05,,,,,
自分の雷属性耐性アップLv.2,自分の雷属性ダメージを少し軽減する,1005032,0,AddAttribute,Thunder,0.075,,,,,
自分の雷属性耐性アップLv.3,自分の雷属性ダメージを軽減する,1005033,0,AddAttribute,Thunder,0.1,,,,,
自分の雷属性耐性アップLv.4,自分の雷属性ダメージをかなり軽減する,1005034,0,AddAttribute,Thunder,0.125,,,,,
自分の雷属性耐性アップLv.5,自分の雷属性ダメージを超軽減する,1005035,0,AddAttribute,Thunder,0.15,,,,,
味方の打撃耐性アップLv.1,味方の打撃ダメージをちょっと軽減する,1005036,0,AddAttribute,Brow,0.05,,,,,
味方の打撃耐性アップLv.2,味方の打撃ダメージを少し軽減する,1005037,0,AddAttribute,Brow,0.075,,,,,
味方の打撃耐性アップLv.3,味方の打撃ダメージを軽減する,1005038,0,AddAttribute,Brow,0.1,,,,,
味方の打撃耐性アップLv.4,味方の打撃ダメージをかなり軽減する,1005039,0,AddAttribute,Brow,0.125,,,,,
味方の打撃耐性アップLv.5,味方の打撃ダメージを超軽減する,1005040,0,AddAttribute,Brow,0.15,,,,,
味方の斬撃耐性アップLv.1,味方の斬撃ダメージをちょっと軽減する,1005041,0,AddAttribute,Slash,0.05,,,,,
味方の斬撃耐性アップLv.2,味方の斬撃ダメージを少し軽減する,1005042,0,AddAttribute,Slash,0.075,,,,,
味方の斬撃耐性アップLv.3,味方の斬撃ダメージを軽減する,1005043,0,AddAttribute,Slash,0.1,,,,,
味方の斬撃耐性アップLv.4,味方の斬撃ダメージをかなり軽減する,1005044,0,AddAttribute,Slash,0.125,,,,,
味方の斬撃耐性アップLv.5,味方の斬撃ダメージを超軽減する,1005045,0,AddAttribute,Slash,0.15,,,,,
味方の刺突耐性アップLv.1,味方の刺突ダメージをちょっと軽減する,1005046,0,AddAttribute,Poke,0.05,,,,,
味方の刺突耐性アップLv.2,味方の刺突ダメージを少し軽減する,1005047,0,AddAttribute,Poke,0.075,,,,,
味方の刺突耐性アップLv.3,味方の刺突ダメージを軽減する,1005048,0,AddAttribute,Poke,0.1,,,,,
味方の刺突耐性アップLv.4,味方の刺突ダメージをかなり軽減する,1005049,0,AddAttribute,Poke,0.125,,,,,
味方の刺突耐性アップLv.5,味方の刺突ダメージを超軽減する,1005050,0,AddAttribute,Poke,0.15,,,,,
味方の無属性耐性アップLv.1,味方の無属性ダメージをちょっと軽減する,1005051,0,AddAttribute,No,0.05,,,,,
味方の無属性耐性アップLv.2,味方の無属性ダメージを少し軽減する,1005052,0,AddAttribute,No,0.075,,,,,
味方の無属性耐性アップLv.3,味方の無属性ダメージを軽減する,1005053,0,AddAttribute,No,0.1,,,,,
味方の無属性耐性アップLv.4,味方の無属性ダメージをかなり軽減する,1005054,0,AddAttribute,No,0.125,,,,,
味方の無属性耐性アップLv.5,味方の無属性ダメージを超軽減する,1005055,0,AddAttribute,No,0.15,,,,,
味方の炎属性耐性アップLv.1,味方の炎属性ダメージをちょっと軽減する,1005056,0,AddAttribute,Fire,0.05,,,,,
味方の炎属性耐性アップLv.2,味方の炎属性ダメージを少し軽減する,1005057,0,AddAttribute,Fire,0.075,,,,,
味方の炎属性耐性アップLv.3,味方の炎属性ダメージを軽減する,1005058,0,AddAttribute,Fire,0.1,,,,,
味方の炎属性耐性アップLv.4,味方の炎属性ダメージをかなり軽減する,1005059,0,AddAttribute,Fire,0.125,,,,,
味方の炎属性耐性アップLv.5,味方の炎属性ダメージを超軽減する,1005060,0,AddAttribute,Fire,0.15,,,,,
味方の水属性耐性アップLv.1,味方の水属性ダメージをちょっと軽減する,1005061,0,AddAttribute,Water,0.05,,,,,
味方の水属性耐性アップLv.2,味方の水属性ダメージを少し軽減する,1005062,0,AddAttribute,Water,0.075,,,,,
味方の水属性耐性アップLv.3,味方の水属性ダメージを軽減する,1005063,0,AddAttribute,Water,0.1,,,,,
味方の水属性耐性アップLv.4,味方の水属性ダメージをかなり軽減する,1005064,0,AddAttribute,Water,0.125,,,,,
味方の水属性耐性アップLv.5,味方の水属性ダメージを超軽減する,1005065,0,AddAttribute,Water,0.15,,,,,
味方の雷属性耐性アップLv.1,味方の雷属性ダメージをちょっと軽減する,1005066,0,AddAttribute,Thunder,0.05,,,,,
味方の雷属性耐性アップLv.2,味方の雷属性ダメージを少し軽減する,1005067,0,AddAttribute,Thunder,0.075,,,,,
味方の雷属性耐性アップLv.3,味方の雷属性ダメージを軽減する,1005068,0,AddAttribute,Thunder,0.1,,,,,
味方の雷属性耐性アップLv.4,味方の雷属性ダメージをかなり軽減する,1005069,0,AddAttribute,Thunder,0.125,,,,,
味方の雷属性耐性アップLv.5,味方の雷属性ダメージを超軽減する,1005070,0,AddAttribute,Thunder,0.15,,,,,
全員の打撃耐性アップLv.1,全員の打撃ダメージをちょっと軽減する,1005036,0,AddAttribute,Brow,0.05,,,,,
全員の打撃耐性アップLv.2,全員の打撃ダメージを少し軽減する,1005037,0,AddAttribute,Brow,0.075,,,,,
全員の打撃耐性アップLv.3,全員の打撃ダメージを軽減する,1005038,0,AddAttribute,Brow,0.1,,,,,
全員の打撃耐性アップLv.4,全員の打撃ダメージをかなり軽減する,1005039,0,AddAttribute,Brow,0.125,,,,,
全員の打撃耐性アップLv.5,全員の打撃ダメージを超軽減する,1005040,0,AddAttribute,Brow,0.15,,,,,
全員の斬撃耐性アップLv.1,全員の斬撃ダメージをちょっと軽減する,1005041,0,AddAttribute,Slash,0.05,,,,,
全員の斬撃耐性アップLv.2,全員の斬撃ダメージを少し軽減する,1005042,0,AddAttribute,Slash,0.075,,,,,
全員の斬撃耐性アップLv.3,全員の斬撃ダメージを軽減する,1005043,0,AddAttribute,Slash,0.1,,,,,
全員の斬撃耐性アップLv.4,全員の斬撃ダメージをかなり軽減する,1005044,0,AddAttribute,Slash,0.125,,,,,
全員の斬撃耐性アップLv.5,全員の斬撃ダメージを超軽減する,1005045,0,AddAttribute,Slash,0.15,,,,,
全員の刺突耐性アップLv.1,全員の刺突ダメージをちょっと軽減する,1005046,0,AddAttribute,Poke,0.05,,,,,
全員の刺突耐性アップLv.2,全員の刺突ダメージを少し軽減する,1005047,0,AddAttribute,Poke,0.075,,,,,
全員の刺突耐性アップLv.3,全員の刺突ダメージを軽減する,1005048,0,AddAttribute,Poke,0.1,,,,,
全員の刺突耐性アップLv.4,全員の刺突ダメージをかなり軽減する,1005049,0,AddAttribute,Poke,0.125,,,,,
全員の刺突耐性アップLv.5,全員の刺突ダメージを超軽減する,1005050,0,AddAttribute,Poke,0.15,,,,,
全員の無属性耐性アップLv.1,全員の無属性ダメージをちょっと軽減する,1005051,0,AddAttribute,No,0.05,,,,,
全員の無属性耐性アップLv.2,全員の無属性ダメージを少し軽減する,1005052,0,AddAttribute,No,0.075,,,,,
全員の無属性耐性アップLv.3,全員の無属性ダメージを軽減する,1005053,0,AddAttribute,No,0.1,,,,,
全員の無属性耐性アップLv.4,全員の無属性ダメージをかなり軽減する,1005054,0,AddAttribute,No,0.125,,,,,
全員の無属性耐性アップLv.5,全員の無属性ダメージを超軽減する,1005055,0,AddAttribute,No,0.15,,,,,
全員の炎属性耐性アップLv.1,全員の炎属性ダメージをちょっと軽減する,1005056,0,AddAttribute,Fire,0.05,,,,,
全員の炎属性耐性アップLv.2,全員の炎属性ダメージを少し軽減する,1005057,0,AddAttribute,Fire,0.075,,,,,
全員の炎属性耐性アップLv.3,全員の炎属性ダメージを軽減する,1005058,0,AddAttribute,Fire,0.1,,,,,
全員の炎属性耐性アップLv.4,全員の炎属性ダメージをかなり軽減する,1005059,0,AddAttribute,Fire,0.125,,,,,
全員の炎属性耐性アップLv.5,全員の炎属性ダメージを超軽減する,1005060,0,AddAttribute,Fire,0.15,,,,,
全員の水属性耐性アップLv.1,全員の水属性ダメージをちょっと軽減する,1005061,0,AddAttribute,Water,0.05,,,,,
全員の水属性耐性アップLv.2,全員の水属性ダメージを少し軽減する,1005062,0,AddAttribute,Water,0.075,,,,,
全員の水属性耐性アップLv.3,全員の水属性ダメージを軽減する,1005063,0,AddAttribute,Water,0.1,,,,,
全員の水属性耐性アップLv.4,全員の水属性ダメージをかなり軽減する,1005064,0,AddAttribute,Water,0.125,,,,,
全員の水属性耐性アップLv.5,全員の水属性ダメージを超軽減する,1005065,0,AddAttribute,Water,0.15,,,,,
全員の雷属性耐性アップLv.1,全員の雷属性ダメージをちょっと軽減する,1005066,0,AddAttribute,Thunder,0.05,,,,,
全員の雷属性耐性アップLv.2,全員の雷属性ダメージを少し軽減する,1005067,0,AddAttribute,Thunder,0.075,,,,,
全員の雷属性耐性アップLv.3,全員の雷属性ダメージを軽減する,1005068,0,AddAttribute,Thunder,0.1,,,,,
全員の雷属性耐性アップLv.4,全員の雷属性ダメージをかなり軽減する,1005069,0,AddAttribute,Thunder,0.125,,,,,
全員の雷属性耐性アップLv.5,全員の雷属性ダメージを超軽減する,1005070,0,AddAttribute,Thunder,0.15,,,,,
相手の打撃耐性ダウンLv.1,相手の打撃ダメージをちょっと増加する,1006001,0,AddAttribute,Brow,-0.05,,,,,
相手の打撃耐性ダウンLv.2,相手の打撃ダメージを少し増加する,1006002,0,AddAttribute,Brow,-0.075,,,,,
相手の打撃耐性ダウンLv.3,相手の打撃ダメージを増加する,1006003,0,AddAttribute,Brow,-0.1,,,,,
相手の打撃耐性ダウンLv.4,相手の打撃ダメージをかなり増加する,1006004,0,AddAttribute,Brow,-0.125,,,,,
相手の打撃耐性ダウンLv.5,相手の打撃ダメージを超増加する,1006005,0,AddAttribute,Brow,-0.15,,,,,
相手の斬撃耐性ダウンLv.1,相手の斬撃ダメージをちょっと増加する,1006006,0,AddAttribute,Slash,-0.05,,,,,
相手の斬撃耐性ダウンLv.2,相手の斬撃ダメージを少し増加する,1006007,0,AddAttribute,Slash,-0.075,,,,,
相手の斬撃耐性ダウンLv.3,相手の斬撃ダメージを増加する,1006008,0,AddAttribute,Slash,-0.1,,,,,
相手の斬撃耐性ダウンLv.4,相手の斬撃ダメージをかなり増加する,1006009,0,AddAttribute,Slash,-0.125,,,,,
相手の斬撃耐性ダウンLv.5,相手の斬撃ダメージを超増加する,1006010,0,AddAttribute,Slash,-0.15,,,,,
相手の刺突耐性ダウンLv.1,相手の刺突ダメージをちょっと増加する,1006011,0,AddAttribute,Poke,-0.05,,,,,
相手の刺突耐性ダウンLv.2,相手の刺突ダメージを少し増加する,1006012,0,AddAttribute,Poke,-0.075,,,,,
相手の刺突耐性ダウンLv.3,相手の刺突ダメージを増加する,1006013,0,AddAttribute,Poke,-0.1,,,,,
相手の刺突耐性ダウンLv.4,相手の刺突ダメージをかなり増加する,1006014,0,AddAttribute,Poke,-0.125,,,,,
相手の刺突耐性ダウンLv.5,相手の刺突ダメージを超増加する,1006015,0,AddAttribute,Poke,-0.15,,,,,
相手の無属性耐性ダウンLv.1,相手の無属性ダメージをちょっと増加する,1006016,0,AddAttribute,No,-0.05,,,,,
相手の無属性耐性ダウンLv.2,相手の無属性ダメージを少し増加する,1006017,0,AddAttribute,No,-0.075,,,,,
相手の無属性耐性ダウンLv.3,相手の無属性ダメージを増加する,1006018,0,AddAttribute,No,-0.1,,,,,
相手の無属性耐性ダウンLv.4,相手の無属性ダメージをかなり増加する,1006019,0,AddAttribute,No,-0.125,,,,,
相手の無属性耐性ダウンLv.5,相手の無属性ダメージを超増加する,1006020,0,AddAttribute,No,-0.15,,,,,
相手の炎属性耐性ダウンLv.1,相手の炎属性ダメージをちょっと増加する,1006021,0,AddAttribute,Fire,-0.05,,,,,
相手の炎属性耐性ダウンLv.2,相手の炎属性ダメージを少し増加する,1006022,0,AddAttribute,Fire,-0.075,,,,,
相手の炎属性耐性ダウンLv.3,相手の炎属性ダメージを増加する,1006023,0,AddAttribute,Fire,-0.1,,,,,
相手の炎属性耐性ダウンLv.4,相手の炎属性ダメージをかなり増加する,1006024,0,AddAttribute,Fire,-0.125,,,,,
相手の炎属性耐性ダウンLv.5,相手の炎属性ダメージを超増加する,1006025,0,AddAttribute,Fire,-0.15,,,,,
相手の水属性耐性ダウンLv.1,相手の水属性ダメージをちょっと増加する,1006026,0,AddAttribute,Water,-0.05,,,,,
相手の水属性耐性ダウンLv.2,相手の水属性ダメージを少し増加する,1006027,0,AddAttribute,Water,-0.075,,,,,
相手の水属性耐性ダウンLv.3,相手の水属性ダメージを増加する,1006028,0,AddAttribute,Water,-0.1,,,,,
相手の水属性耐性ダウンLv.4,相手の水属性ダメージをかなり増加する,1006029,0,AddAttribute,Water,-0.125,,,,,
相手の水属性耐性ダウンLv.5,相手の水属性ダメージを超増加する,1006030,0,AddAttribute,Water,-0.15,,,,,
相手の雷属性耐性ダウンLv.1,相手の雷属性ダメージをちょっと増加する,1006031,0,AddAttribute,Thunder,-0.05,,,,,
相手の雷属性耐性ダウンLv.2,相手の雷属性ダメージを少し増加する,1006032,0,AddAttribute,Thunder,-0.075,,,,,
相手の雷属性耐性ダウンLv.3,相手の雷属性ダメージを増加する,1006033,0,AddAttribute,Thunder,-0.1,,,,,
相手の雷属性耐性ダウンLv.4,相手の雷属性ダメージをかなり増加する,1006034,0,AddAttribute,Thunder,-0.125,,,,,
相手の雷属性耐性ダウンLv.5,相手の雷属性ダメージを超増加する,1006035,0,AddAttribute,Thunder,-0.15,,,,,
全員の打撃耐性ダウンLv.1,全員の打撃ダメージをちょっと増加する,1006036,0,AddAttribute,Brow,-0.05,,,,,
全員の打撃耐性ダウンLv.2,全員の打撃ダメージを少し増加する,1006037,0,AddAttribute,Brow,-0.075,,,,,
全員の打撃耐性ダウンLv.3,全員の打撃ダメージを増加する,1006038,0,AddAttribute,Brow,-0.1,,,,,
全員の打撃耐性ダウンLv.4,全員の打撃ダメージをかなり増加する,1006039,0,AddAttribute,Brow,-0.125,,,,,
全員の打撃耐性ダウンLv.5,全員の打撃ダメージを超増加する,1006040,0,AddAttribute,Brow,-0.15,,,,,
全員の斬撃耐性ダウンLv.1,全員の斬撃ダメージをちょっと増加する,1006041,0,AddAttribute,Slash,-0.05,,,,,
全員の斬撃耐性ダウンLv.2,全員の斬撃ダメージを少し増加する,1006042,0,AddAttribute,Slash,-0.075,,,,,
全員の斬撃耐性ダウンLv.3,全員の斬撃ダメージを増加する,1006043,0,AddAttribute,Slash,-0.1,,,,,
全員の斬撃耐性ダウンLv.4,全員の斬撃ダメージをかなり増加する,1006044,0,AddAttribute,Slash,-0.125,,,,,
全員の斬撃耐性ダウンLv.5,全員の斬撃ダメージを超増加する,1006045,0,AddAttribute,Slash,-0.15,,,,,
全員の刺突耐性ダウンLv.1,全員の刺突ダメージをちょっと増加する,1006046,0,AddAttribute,Poke,-0.05,,,,,
全員の刺突耐性ダウンLv.2,全員の刺突ダメージを少し増加する,1006047,0,AddAttribute,Poke,-0.075,,,,,
全員の刺突耐性ダウンLv.3,全員の刺突ダメージを増加する,1006048,0,AddAttribute,Poke,-0.1,,,,,
全員の刺突耐性ダウンLv.4,全員の刺突ダメージをかなり増加する,1006049,0,AddAttribute,Poke,-0.125,,,,,
全員の刺突耐性ダウンLv.5,全員の刺突ダメージを超増加する,1006050,0,AddAttribute,Poke,-0.15,,,,,
全員の無属性耐性ダウンLv.1,全員の無属性ダメージをちょっと増加する,1006051,0,AddAttribute,No,-0.05,,,,,
全員の無属性耐性ダウンLv.2,全員の無属性ダメージを少し増加する,1006052,0,AddAttribute,No,-0.075,,,,,
全員の無属性耐性ダウンLv.3,全員の無属性ダメージを増加する,1006053,0,AddAttribute,No,-0.1,,,,,
全員の無属性耐性ダウンLv.4,全員の無属性ダメージをかなり増加する,1006054,0,AddAttribute,No,-0.125,,,,,
全員の無属性耐性ダウンLv.5,全員の無属性ダメージを超増加する,1006055,0,AddAttribute,No,-0.15,,,,,
全員の炎属性耐性ダウンLv.1,全員の炎属性ダメージをちょっと増加する,1006056,0,AddAttribute,Fire,-0.05,,,,,
全員の炎属性耐性ダウンLv.2,全員の炎属性ダメージを少し増加する,1006057,0,AddAttribute,Fire,-0.075,,,,,
全員の炎属性耐性ダウンLv.3,全員の炎属性ダメージを増加する,1006058,0,AddAttribute,Fire,-0.1,,,,,
全員の炎属性耐性ダウンLv.4,全員の炎属性ダメージをかなり増加する,1006059,0,AddAttribute,Fire,-0.125,,,,,
全員の炎属性耐性ダウンLv.5,全員の炎属性ダメージを超増加する,1006060,0,AddAttribute,Fire,-0.15,,,,,
全員の水属性耐性ダウンLv.1,全員の水属性ダメージをちょっと増加する,1006061,0,AddAttribute,Water,-0.05,,,,,
全員の水属性耐性ダウンLv.2,全員の水属性ダメージを少し増加する,1006062,0,AddAttribute,Water,-0.075,,,,,
全員の水属性耐性ダウンLv.3,全員の水属性ダメージを増加する,1006063,0,AddAttribute,Water,-0.1,,,,,
全員の水属性耐性ダウンLv.4,全員の水属性ダメージをかなり増加する,1006064,0,AddAttribute,Water,-0.125,,,,,
全員の水属性耐性ダウンLv.5,全員の水属性ダメージを超増加する,1006065,0,AddAttribute,Water,-0.15,,,,,
全員の雷属性耐性ダウンLv.1,全員の雷属性ダメージをちょっと増加する,1006066,0,AddAttribute,Thunder,-0.05,,,,,
全員の雷属性耐性ダウンLv.2,全員の雷属性ダメージを少し増加する,1006067,0,AddAttribute,Thunder,-0.075,,,,,
全員の雷属性耐性ダウンLv.3,全員の雷属性ダメージを増加する,1006068,0,AddAttribute,Thunder,-0.1,,,,,
全員の雷属性耐性ダウンLv.4,全員の雷属性ダメージをかなり増加する,1006069,0,AddAttribute,Thunder,-0.125,,,,,
全員の雷属性耐性ダウンLv.5,全員の雷属性ダメージを超増加する,1006070,0,AddAttribute,Thunder,-0.15,,,,,
自分に鬼神化を付与Lv.1,自分に鬼神化を1ターン付与する,1007001,0,AddStatusAilment,Demonization,1,1,,,,
自分に鬼神化を付与Lv.2,自分に鬼神化を2ターン付与する,1007002,0,AddStatusAilment,Demonization,1,2,,,,
自分に鬼神化を付与Lv.3,自分に鬼神化を3ターン付与する,1007003,0,AddStatusAilment,Demonization,1,3,,,,
自分に硬質化を付与Lv.1,自分に硬質化を1ターン付与する,1007004,0,AddStatusAilment,Hardening,1,1,,,,
自分に硬質化を付与Lv.2,自分に硬質化を2ターン付与する,1007005,0,AddStatusAilment,Hardening,1,2,,,,
自分に硬質化を付与Lv.3,自分に硬質化を3ターン付与する,1007006,0,AddStatusAilment,Hardening,1,3,,,,
自分に先制を付与Lv.1,自分に先制を1ターン付与する,1007007,0,AddStatusAilment,PreEmpt,1,1,,,,
自分に先制を付与Lv.2,自分に先制を1ターン付与する,1007008,0,AddStatusAilment,PreEmpt,1,1,,,,
自分に先制を付与Lv.3,自分に先制を1ターン付与する,1007009,0,AddStatusAilment,PreEmpt,1,1,,,,
自分に再生を付与Lv.1,自分に再生を3ターン付与する,1007010,0,AddStatusAilment,Regeneration,1,3,,,,
自分に再生を付与Lv.2,自分に再生を4ターン付与する,1007011,0,AddStatusAilment,Regeneration,1,4,,,,
自分に再生を付与Lv.3,自分に再生を5ターン付与する,1007012,0,AddStatusAilment,Regeneration,1,5,,,,
自分に孤軍奮闘を付与Lv.1,自分に孤軍奮闘を3ターン付与する,1007013,0,AddStatusAilment,Soldier,1,3,,,,
自分に孤軍奮闘を付与Lv.2,自分に孤軍奮闘を5ターン付与する,1007014,0,AddStatusAilment,Soldier,1,5,,,,
自分に孤軍奮闘を付与Lv.3,自分に孤軍奮闘を8ターン付与する,1007015,0,AddStatusAilment,Soldier,1,8,,,,
自分に追討を付与Lv.1,自分に追討を1ターン付与する,1007016,0,AddStatusAilment,Chase,1,1,,,,
自分に追討を付与Lv.2,自分に追討を2ターン付与する,1007017,0,AddStatusAilment,Chase,1,2,,,,
自分に追討を付与Lv.3,自分に追討を3ターン付与する,1007018,0,AddStatusAilment,Chase,1,3,,,,
自分に憤怒を付与Lv.1,自分に憤怒を3ターン付与する,1007019,0,AddStatusAilment,Rage,1,3,,,,
自分に憤怒を付与Lv.2,自分に憤怒を5ターン付与する,1007020,0,AddStatusAilment,Rage,1,5,,,,
自分に憤怒を付与Lv.3,自分に憤怒を7ターン付与する,1007021,0,AddStatusAilment,Rage,1,7,,,,
自分に庇うを付与Lv.1,自分に庇うを1ターン付与する,1007022,0,AddStatusAilment,Protect,1,1,,,,
自分に庇うを付与Lv.2,自分に庇うを1ターン付与する,1007023,0,AddStatusAilment,Protect,1,1,,,,
自分に庇うを付与Lv.3,自分に庇うを1ターン付与する,1007024,0,AddStatusAilment,Protect,1,1,,,,
自分に仕返を付与Lv.1,自分に仕返を1ターン付与する,1007025,0,AddStatusAilment,Counter,1,1,,,,
自分に仕返を付与Lv.2,自分に仕返を3ターン付与する,1007026,0,AddStatusAilment,Counter,1,3,,,,
自分に仕返を付与Lv.3,自分に仕返を5ターン付与する,1007027,0,AddStatusAilment,Counter,1,5,,,,
味方に鬼神化を付与Lv.1,味方に鬼神化を1ターン付与する,1007028,0,AddStatusAilment,Demonization,1,1,,,,
味方に鬼神化を付与Lv.2,味方に鬼神化を2ターン付与する,1007029,0,AddStatusAilment,Demonization,1,2,,,,
味方に鬼神化を付与Lv.3,味方に鬼神化を3ターン付与する,1007030,0,AddStatusAilment,Demonization,1,3,,,,
味方に硬質化を付与Lv.1,味方に硬質化を1ターン付与する,1007031,0,AddStatusAilment,Hardening,1,1,,,,
味方に硬質化を付与Lv.2,味方に硬質化を2ターン付与する,1007032,0,AddStatusAilment,Hardening,1,2,,,,
味方に硬質化を付与Lv.3,味方に硬質化を3ターン付与する,1007033,0,AddStatusAilment,Hardening,1,3,,,,
味方に先制を付与Lv.1,味方に先制を1ターン付与する,1007034,0,AddStatusAilment,PreEmpt,1,1,,,,
味方に先制を付与Lv.2,味方に先制を1ターン付与する,1007035,0,AddStatusAilment,PreEmpt,1,1,,,,
味方に先制を付与Lv.3,味方に先制を1ターン付与する,1007036,0,AddStatusAilment,PreEmpt,1,1,,,,
味方に再生を付与Lv.1,味方に再生を3ターン付与する,1007037,0,AddStatusAilment,Regeneration,1,3,,,,
味方に再生を付与Lv.2,味方に再生を4ターン付与する,1007038,0,AddStatusAilment,Regeneration,1,4,,,,
味方に再生を付与Lv.3,味方に再生を5ターン付与する,1007039,0,AddStatusAilment,Regeneration,1,5,,,,
味方に孤軍奮闘を付与Lv.1,味方に孤軍奮闘を3ターン付与する,1007040,0,AddStatusAilment,Soldier,1,3,,,,
味方に孤軍奮闘を付与Lv.2,味方に孤軍奮闘を5ターン付与する,1007041,0,AddStatusAilment,Soldier,1,5,,,,
味方に孤軍奮闘を付与Lv.3,味方に孤軍奮闘を8ターン付与する,1007042,0,AddStatusAilment,Soldier,1,8,,,,
味方に追討を付与Lv.1,味方に追討を1ターン付与する,1007043,0,AddStatusAilment,Chase,1,1,,,,
味方に追討を付与Lv.2,味方に追討を2ターン付与する,1007044,0,AddStatusAilment,Chase,1,2,,,,
味方に追討を付与Lv.3,味方に追討を3ターン付与する,1007045,0,AddStatusAilment,Chase,1,3,,,,
味方に憤怒を付与Lv.1,味方に憤怒を3ターン付与する,1007046,0,AddStatusAilment,Rage,1,3,,,,
味方に憤怒を付与Lv.2,味方に憤怒を5ターン付与する,1007047,0,AddStatusAilment,Rage,1,5,,,,
味方に憤怒を付与Lv.3,味方に憤怒を7ターン付与する,1007048,0,AddStatusAilment,Rage,1,7,,,,
味方に庇うを付与Lv.1,味方に庇うを1ターン付与する,1007049,0,AddStatusAilment,Protect,1,1,,,,
味方に庇うを付与Lv.2,味方に庇うを1ターン付与する,1007050,0,AddStatusAilment,Protect,1,1,,,,
味方に庇うを付与Lv.3,味方に庇うを1ターン付与する,1007051,0,AddStatusAilment,Protect,1,1,,,,
味方に仕返を付与Lv.1,味方に仕返を1ターン付与する,1007052,0,AddStatusAilment,Counter,1,1,,,,
味方に仕返を付与Lv.2,味方に仕返を3ターン付与する,1007053,0,AddStatusAilment,Counter,1,3,,,,
味方に仕返を付与Lv.3,味方に仕返を5ターン付与する,1007054,0,AddStatusAilment,Counter,1,5,,,,
相手に毒を付与Lv.1,対象に毒を3ターン付与する,1008001,0,AddStatusAilment,Poison,1,3,,,,
相手に毒を付与Lv.2,対象に毒を5ターン付与する,1008002,0,AddStatusAilment,Poison,1,5,,,,
相手に毒を付与Lv.3,対象に毒を8ターン付与する,1008003,0,AddStatusAilment,Poison,1,8,,,,
相手に麻痺を付与Lv.1,対象に麻痺を1ターン付与する,1008004,0,AddStatusAilment,Paralysis,1,1,,,,
相手に麻痺を付与Lv.2,対象に麻痺を2ターン付与する,1008005,0,AddStatusAilment,Paralysis,1,2,,,,
相手に麻痺を付与Lv.3,対象に麻痺を3ターン付与する,1008006,0,AddStatusAilment,Paralysis,1,3,,,,
相手に睡眠を付与Lv.1,対象に睡眠を3ターン付与する,1008007,0,AddStatusAilment,Sleep,1,3,,,,
相手に睡眠を付与Lv.2,対象に睡眠を4ターン付与する,1008008,0,AddStatusAilment,Sleep,1,4,,,,
相手に睡眠を付与Lv.3,対象に睡眠を5ターン付与する,1008009,0,AddStatusAilment,Sleep,1,5,,,,
相手に混乱を付与Lv.1,対象に混乱を1ターン付与する,1008010,0,AddStatusAilment,Confuse,1,1,,,,
相手に混乱を付与Lv.2,対象に混乱を2ターン付与する,1008011,0,AddStatusAilment,Confuse,1,2,,,,
相手に混乱を付与Lv.3,対象に混乱を3ターン付与する,1008012,0,AddStatusAilment,Confuse,1,3,,,,
相手に狂暴を付与Lv.1,対象に狂暴を1ターン付与する,1008013,0,AddStatusAilment,Berserk,1,1,,,,
相手に狂暴を付与Lv.2,対象に狂暴を2ターン付与する,1008014,0,AddStatusAilment,Berserk,1,2,,,,
相手に狂暴を付与Lv.3,対象に狂暴を3ターン付与する,1008015,0,AddStatusAilment,Berserk,1,3,,,,
相手に急所を付与Lv.1,対象に急所を1ターン付与する,1008016,0,AddStatusAilment,Vitals,1,1,,,,
相手に急所を付与Lv.2,対象に急所を1ターン付与する,1008017,0,AddStatusAilment,Vitals,1,1,,,,
相手に急所を付与Lv.3,対象に急所を1ターン付与する,1008018,0,AddStatusAilment,Vitals,1,1,,,,
全員に毒を付与Lv.1,全員に毒を3ターン付与する,1008019,0,AddStatusAilment,Poison,1,3,,,,
全員に毒を付与Lv.2,全員に毒を5ターン付与する,1008020,0,AddStatusAilment,Poison,1,5,,,,
全員に毒を付与Lv.3,全員に毒を8ターン付与する,1008021,0,AddStatusAilment,Poison,1,8,,,,
全員に麻痺を付与Lv.1,全員に麻痺を1ターン付与する,1008022,0,AddStatusAilment,Paralysis,1,1,,,,
全員に麻痺を付与Lv.2,全員に麻痺を1ターン付与する,1008023,0,AddStatusAilment,Paralysis,1,2,,,,
全員に麻痺を付与Lv.3,全員に麻痺を1ターン付与する,1008024,0,AddStatusAilment,Paralysis,1,3,,,,
全員に睡眠を付与Lv.1,全員に睡眠を2ターン付与する,1008025,0,AddStatusAilment,Sleep,1,3,,,,
全員に睡眠を付与Lv.2,全員に睡眠を3ターン付与する,1008026,0,AddStatusAilment,Sleep,1,4,,,,
全員に睡眠を付与Lv.3,全員に睡眠を4ターン付与する,1008027,0,AddStatusAilment,Sleep,1,5,,,,
全員に混乱を付与Lv.1,全員に混乱を1ターン付与する,1008028,0,AddStatusAilment,Confuse,1,1,,,,
全員に混乱を付与Lv.2,全員に混乱を1ターン付与する,1008029,0,AddStatusAilment,Confuse,1,2,,,,
全員に混乱を付与Lv.3,全員に混乱を1ターン付与する,1008030,0,AddStatusAilment,Confuse,1,3,,,,
全員に狂暴を付与Lv.1,全員に狂暴を1ターン付与する,1008031,0,AddStatusAilment,Berserk,1,1,,,,
全員に狂暴を付与Lv.2,全員に狂暴を2ターン付与する,1008032,0,AddStatusAilment,Berserk,1,2,,,,
全員に狂暴を付与Lv.3,全員に狂暴を3ターン付与する,1008033,0,AddStatusAilment,Berserk,1,3,,,,
全員に急所を付与Lv.1,全員に急所を1ターン付与する,1008034,0,AddStatusAilment,Vitals,1,1,,,,
全員に急所を付与Lv.2,全員に急所を1ターン付与する,1008035,0,AddStatusAilment,Vitals,1,1,,,,
全員に急所を付与Lv.3,全員に急所を1ターン付与する,1008036,0,AddStatusAilment,Vitals,1,1,,,,
味方を回復Lv.1,味方のHPをちょっと回復する,1009001,0,Recovery,0.2,,,,,,
味方を回復Lv.2,味方のHPを少し回復する,1009002,0,Recovery,0.3,,,,,,
味方を回復Lv.3,味方のHPを回復する,1009003,0,Recovery,0.4,,,,,,
味方を回復Lv.4,味方のHPをかなり回復する,1009004,0,Recovery,0.5,,,,,,
味方を回復Lv.5,味方のHPを超回復する,1009005,0,Recovery,0.6,,,,,,
全員を回復Lv.1,全員のHPをちょっと回復する,1009006,0,Recovery,0.15,,,,,,
全員を回復Lv.2,全員のHPを少し回復する,1009007,0,Recovery,0.2,,,,,,
全員を回復Lv.3,全員のHPを回復する,1009008,0,Recovery,0.25,,,,,,
全員を回復Lv.4,全員のHPをかなり回復する,1009009,0,Recovery,0.3,,,,,,
全員を回復Lv.5,全員のHPを超回復する,1009010,0,Recovery,0.45,,,,,,
薬草,味方のHPを100回復する,1010001,0,RecoveryFixed,100,,,,,,
元気草,味方のHPを300回復する,1010002,0,RecoveryFixed,300,,,,,,
超元気草,味方のHPを800回復する,1010003,0,RecoveryFixed,800,,,,,,
劇元気草,味方のHPを2000回復する,1010004,0,RecoveryFixed,2000,,,,,,